Date,Time,Comp,Round,Day,Venue,Result,GF,GA,Opponent,xG,xGA,Poss,Attendance,Captain,Formation,Opp Formation,Referee,Match Report,Notes
2024-08-17,12:30,Premier League,Matchweek 1,Sat,Away,W,2.0,0.0,Ipswich Town,2.6,0.5,62.0,30014.0,Virgil van Dijk,4-2-3-1,4-2-3-1,Tim Robinson,Match Report,
2024-08-25,16:30,Premier League,Matchweek 2,Sun,Home,W,2.0,0.0,Brentford,2.5,0.5,62.0,60017.0,Virgil van Dijk,4-2-3-1,4-4-2,Stuart Attwell,Match Report,
2024-09-01,16:00,Premier League,Matchweek 3,Sun,Away,W,3.0,0.0,Manchester Utd,1.8,1.4,47.0,73738.0,Virgil van Dijk,4-2-3-1,4-2-3-1,Anthony Taylor,Match Report,
2024-09-14,15:00,Premier League,Matchweek 4,Sat,Home,L,0.0,1.0,Nott'ham Forest,0.9,0.4,68.0,60344.0,Virgil van Dijk,4-2-3-1,4-2-3-1,Michael Oliver,Match Report,
2024-09-17,21:00,Champions Lg,League phase,Tue,Away,W,3.0,1.0,it Milan,3.1,0.6,51.0,59826.0,Virgil van Dijk,4-2-3-1,4-2-3-1,Espen Eskås,Match Report,
2024-09-21,15:00,Premier League,Matchweek 5,Sat,Home,W,3.0,0.0,Bournemouth,2.0,1.1,58.0,60347.0,Virgil van Dijk,4-2-3-1,4-2-3-1,Tony Harrington,Match Report,
2024-09-25,20:00,EFL Cup,Third round,Wed,Home,W,5.0,1.0,West Ham,,,61.0,60044.0,Joe Gomez,4-2-3-1,4-2-3-1,Andy Madley,Match Report,
2024-09-28,17:30,Premier League,Matchweek 6,Sat,Away,W,2.0,1.0,Wolves,2.5,0.6,55.0,31413.0,Virgil van Dijk,4-2-3-1,4-1-4-1,Anthony Taylor,Match Report,
2024-10-02,20:00,Champions Lg,League phase,Wed,Home,W,2.0,0.0,it Bologna,1.2,0.6,51.0,59816.0,Virgil van Dijk,4-2-3-1,4-1-4-1,Nikola Dabanović,Match Report,
2024-10-05,12:30,Premier League,Matchweek 7,Sat,Away,W,1.0,0.0,Crystal Palace,1.4,0.6,68.0,25185.0,Virgil van Dijk,4-2-3-1,3-4-3,Simon Hooper,Match Report,
2024-10-20,16:30,Premier League,Matchweek 8,Sun,Home,W,2.0,1.0,Chelsea,1.9,1.0,43.0,60277.0,Virgil van Dijk,4-2-3-1,4-2-3-1,John Brooks,Match Report,
2024-10-23,21:00,Champions Lg,League phase,Wed,Away,W,1.0,0.0,de RB Leipzig,2.3,0.8,57.0,45228.0,Virgil van Dijk,4-3-3,4-4-2,Sandro Schärer,Match Report,
2024-10-27,16:30,Premier League,Matchweek 9,Sun,Away,D,2.0,2.0,Arsenal,0.8,0.9,55.0,60383.0,Virgil van Dijk,4-2-3-1,4-4-2,Anthony Taylor,Match Report,
2024-10-30,19:30,EFL Cup,Fourth round,Wed,Away,W,3.0,2.0,Brighton,,,55.0,,Andrew Robertson,4-4-2,4-2-3-1,Darren Bond,Match Report,
2024-11-02,15:00,Premier League,Matchweek 10,Sat,Home,W,2.0,1.0,Brighton,1.6,1.0,49.0,60331.0,Virgil van Dijk,4-2-3-1,4-4-2,Tony Harrington,Match Report,
2024-11-05,20:00,Champions Lg,League phase,Tue,Home,W,4.0,0.0,de Leverkusen,3.7,0.9,47.0,59790.0,Virgil van Dijk,4-3-3,3-5-2,Danny Makkelie,Match Report,
2024-11-09,20:00,Premier League,Matchweek 11,Sat,Home,W,2.0,0.0,Aston Villa,2.0,1.2,62.0,60292.0,Virgil van Dijk,4-2-3-1,4-2-3-1,David Coote,Match Report,
2024-11-24,14:00,Premier League,Matchweek 12,Sun,Away,W,3.0,2.0,Southampton,3.1,1.3,62.0,31278.0,Virgil van Dijk,4-2-3-1,5-4-1,Samuel Barrott,Match Report,
2024-11-27,20:00,Champions Lg,League phase,Wed,Home,W,2.0,0.0,es Real Madrid,2.7,1.2,63.0,59546.0,Virgil van Dijk,4-3-3,4-2-2-2,François Letexier,Match Report,
2024-12-01,16:00,Premier League,Matchweek 13,Sun,Home,W,2.0,0.0,Manchester City,3.4,0.8,44.0,60248.0,Virgil van Dijk,4-2-3-1,4-2-3-1,Chris Kavanagh,Match Report,
2024-12-04,19:30,Premier League,Matchweek 14,Wed,Away,D,3.0,3.0,Newcastle Utd,1.9,2.1,58.0,52237.0,Virgil van Dijk,4-2-3-1,4-3-3,Andy Madley,Match Report,
2024-12-07,,Premier League,Matchweek 15,Sat,Away,,,,Everton,,,,,,,,,,Match Postponed
2024-12-10,18:45,Champions Lg,League phase,Tue,Away,W,1.0,0.0,es Girona,1.8,1.2,62.0,9241.0,Virgil van Dijk,4-3-3,4-2-3-1,Benoît Bastien,Match Report,
2024-12-14,15:00,Premier League,Matchweek 16,Sat,Home,D,2.0,2.0,Fulham,2.1,1.2,61.0,,Virgil van Dijk,4-3-3,4-2-3-1,Tony Harrington,Match Report,
2024-12-18,20:00,EFL Cup,Quarter-finals,Wed,Away,W,2.0,1.0,Southampton,,,69.0,26503.0,Trent Alexander-Arnold,4-3-3,5-4-1,Simon Hooper,Match Report,
2024-12-22,16:30,Premier League,Matchweek 17,Sun,Away,,,,Tottenham,,,,,,,,,Head-to-Head,
2024-12-26,20:00,Premier League,Matchweek 18,Thu,Home,,,,Leicester City,,,,,,,,,Head-to-Head,
2024-12-29,17:15,Premier League,Matchweek 19,Sun,Away,,,,West Ham,,,,,,,,,Head-to-Head,
2025-01-05,16:30,Premier League,Matchweek 20,Sun,Home,,,,Manchester Utd,,,,,,,,,Head-to-Head,
2025-01-11,12:15,FA Cup,Third round proper,Sat,Home,,,,Acc'ton Stanley,,,,,,,,,Head-to-Head,
2025-01-14,20:00,Premier League,Matchweek 21,Tue,Away,,,,Nott'ham Forest,,,,,,,,,Head-to-Head,
2025-01-18,15:00,Premier League,Matchweek 22,Sat,Away,,,,Brentford,,,,,,,,,Head-to-Head,
2025-01-21,20:00,Champions Lg,League phase,Tue,Home,,,,fr Lille,,,,,,,,,Head-to-Head,
2025-01-25,15:00,Premier League,Matchweek 23,Sat,Home,,,,Ipswich Town,,,,,,,,,Head-to-Head,
2025-01-29,21:00,Champions Lg,League phase,Wed,Away,,,,nl PSV Eindhoven,,,,,,,,,Head-to-Head,
2025-02-01,15:00,Premier League,Matchweek 24,Sat,Away,,,,Bournemouth,,,,,,,,,Head-to-Head,
2025-02-16,14:00,Premier League,Matchweek 25,Sun,Home,,,,Wolves,,,,,,,,,Head-to-Head,
2025-02-23,16:30,Premier League,Matchweek 26,Sun,Away,,,,Manchester City,,,,,,,,,Head-to-Head,
2025-02-26,20:00,Premier League,Matchweek 27,Wed,Home,,,,Newcastle Utd,,,,,,,,,Head-to-Head,
2025-03-08,15:00,Premier League,Matchweek 28,Sat,Home,,,,Southampton,,,,,,,,,Head-to-Head,
2025-03-15,15:00,Premier League,Matchweek 29,Sat,Away,,,,Aston Villa,,,,,,,,,Head-to-Head,
2025-04-02,20:00,Premier League,Matchweek 30,Wed,Home,,,,Everton,,,,,,,,,Head-to-Head,
2025-04-05,15:00,Premier League,Matchweek 31,Sat,Away,,,,Fulham,,,,,,,,,Head-to-Head,
2025-04-12,15:00,Premier League,Matchweek 32,Sat,Home,,,,West Ham,,,,,,,,,Head-to-Head,
2025-04-19,15:00,Premier League,Matchweek 33,Sat,Away,,,,Leicester City,,,,,,,,,Head-to-Head,
2025-04-26,15:00,Premier League,Matchweek 34,Sat,Home,,,,Tottenham,,,,,,,,,Head-to-Head,
2025-05-03,15:00,Premier League,Matchweek 35,Sat,Away,,,,Chelsea,,,,,,,,,Head-to-Head,
2025-05-10,15:00,Premier League,Matchweek 36,Sat,Home,,,,Arsenal,,,,,,,,,Head-to-Head,
2025-05-18,15:00,Premier League,Matchweek 37,Sun,Away,,,,Brighton,,,,,,,,,Head-to-Head,
2025-05-25,16:00,Premier League,Matchweek 38,Sun,Home,,,,Crystal Palace,,,,,,,,,Head-to-Head,
